Workbook

Sheet график уч проц
B1: ТОО "КОЛЛЕДЖ ХЕКСЛЕТ"
A30: курсы | B30: сентябрь | G30: октябрь | K30: ноябрь | O30: декабрь | T30: январь | X30: февраль | AB30: март | AG30: апрель | AK30: май | AO30: июнь | AT30: июль | AX30: август
A31: недели | B31: 2 | C31: 9 | D31: 16 | E31: 23 | F31: 30 IX | G31: 7 | H31: 14 | I31: 21 | J31: 28 X | K31: 4 | L31: 11 | M31: 18 | N31: 25 | O31: 2 | P31: 9 | Q31: 16 | R31: 23 | S31: 30 XII | T31: 6 | U31: 13 | V31: 20 | W31: 27 | X31: 3 | Y31: 10 | Z31: 17 | AA31: 24 | AB31: 3 | AC31: 10 | AD31: 17 | AE31: 24 | AF31: 31 III | AG31: 7 | AH31: 14 | AI31: 21 | AJ31: 28 IV | AK31: 5 | AL31: 12 | AM31: 19 | AN31: 26 | AO31: 2 | AP31: 9 | AQ31: 16 | AR31: 23 | AS31: 30 VI | AT31: 7 | AU31: 14 | AV31: 21 | AW31: 28 VII | AX31: 4 | AY31: 11 | AZ31: 18 | BA31: 25
B32: 6 | C32: 13 | D32: 20 | E32: 27 | F32: 4 X | G32: 11 | H32: 18 | I32: 25 | J32: 1 XI | K32: 8 | L32: 15 | M32: 22 | N32: 29 | O32: 6 | P32: 13 | Q32: 20 | R32: 27 | S32: 3 I | T32: 10 | U32: 17 | V32: 24 | W32: 31 | X32: 7 | Y32: 14 | Z32: 21 | AA32: 28 | AB32: 7 | AC32: 14 | AD32: 21 | AE32: 28 | AF32: 4 IV | AG32: 12 | AH32: 19 | AI32: 26 | AJ32: 2 V | AK32: 9 | AL32: 16 | AM32: 23 | AN32: 30 | AO32: 6 | AP32: 13 | AQ32: 20 | AR32: 27 | AS32: 4 VII | AT32: 11 | AU32: 18 | AV32: 25 | AW32: 1 VIII | AX32: 8 | AY32: 15 | AZ32: 22 | BA32: 29
A33: №нед | B33: 1 | C33: 2 | D33: 3 | E33: 4 | F33: 5 | G33: 6 | H33: 7 | I33: 8 | J33: 9 | K33: 10 | L33: 11 | M33: 12 | N33: 13 | O33: 14 | P33: 15 | Q33: 16 | R33: 17 | S33: 18 | T33: 19 | U33: 20 | V33: 21 | W33: 22 | X33: 23 | Y33: 24 | Z33: 25 | AA33: 26 | AB33: 27 | AC33: 28 | AD33: 29 | AE33: 30 | AF33: 31 | AG33: 32 | AH33: 33 | AI33: 34 | AJ33: 35 | AK33: 36 | AL33: 37 | AM33: 38 | AN33: 39 | AO33: 40 | AP33: 41 | AQ33: 42 | AR33: 43 | AS33: 44 | AT33: 45 | AU33: 46 | AV33: 47 | AW33: 48 | AX33: 49 | AY33: 50 | AZ33: 51 | BA33: 52
A34: I | B34: ТО | C34: ТО | D34: ТО | E34: ТО | F34: ТО | G34: ТО | H34: ТО | I34: ТО | J34: ТО | K34: ТО | L34: ТО | M34: ТО | N34: ТО | O34: ТО | P34: ТО | Q34: ТО | R34: ТО | S34: К | T34: К | U34: ТО | V34: ТО | W34: ТО | X34: ТО | Y34: ТО | Z34: ТО | AA34: ТО | AB34: ТО | AC34: ТО | AD34: ТО | AE34: ТО | AF34: ТО | AG34: ТО | AH34: ТО | AI34: ТО | AJ34: ТО | AK34: ТО | AL34: ТО | AM34: ТО | AN34: ТО | AO34: ПС | AP34: ПС | AQ34: ПА | AR34: ПА | AS34: Пдн | AT34: К | AU34: К | AV34: К | AW34: К | AX34: К | AY34: К | AZ34: К | BA34: К
A35: II | B35: ТО | C35: ТО | D35: ТО | E35: ТО | F35: ТО | G35: ТО | H35: ТО | I35: ТО | J35: ТО | K35: ТО | L35: ТО | M35: ТО | N35: ПП | O35: ПП | P35: ПП | Q35: ПП | R35: ПП | S35: К | T35: К | U35: ТО | V35: ТО | W35: ТО | X35: ТО | Y35: ТО | Z35: ТО | AA35: ТО | AB35: ТО | AC35: ТО | AD35: ТО | AE35: ТО | AF35: ПП | AG35: ПП | AH35: ПП | AI35: ПП | AJ35: ПП | AK35: ПП | AL35: ПП | AM35: ПП | AN35: ПП | AO35: ПП | AP35: ПП | AQ35: ПА | AR35: ПА | AS35: Пдн | AT35: К | AU35: К | AV35: К | AW35: К | AX35: К | AY35: К | AZ35: К | BA35: К
A36: III | B36: ТО | C36: ТО | D36: ТО | E36: ТО | F36: ТО | G36: ТО | H36: ТО | I36: ТО | J36: ТО | K36: ТО | L36: ПП | M36: ПП | N36: ПП | O36: ПП | P36: ПП | Q36: ПП | R36: ПП | S36: К | T36: К | U36: ТО | V36: ТО | W36: ТО | X36: ТО | Y36: ТО | Z36: ТО | AA36: ТО | AB36: ТО | AC36: ТО | AD36: ПП | AE36: ПП | AF36: ПП | AG36: ПП | AH36: ПП | AI36: ПП | AJ36: ПП | AK36: ПП | AL36: ПП | AM36: ПП | AN36: ПП | AO36: ПП | AP36: ПП | AQ36: ПА | AR36: ПА | AS36: Пдн | AT36: К | AU36: К | AV36: К | AW36: К | AX36: К | AY36: К | AZ36: К | BA36: К
A37: IV | B37: ТО | C37: ТО | D37: ТО | E37: ТО | F37: ТО | G37: ТО | H37: ТО | I37: ТО | J37: ПО | K37: ПО | L37: ПО | M37: ПО | N37: ПО | O37: ПО | P37: ПО | Q37: ПО | R37: ПО | S37: К | T37: К | U37: ПО | V37: ПО | W37: ПО | X37: ПО | Y37: ПО | Z37: ПО | AA37: ПО | AB37: ПО | AC37: ПО | AD37: ПО | AE37: ПО | AF37: ПО | AG37: ПО | AH37: ПО | AI37: ПО | AJ37: ПО | AK37: ДП | AL37: ДП | AM37: ДП | AN37: ДП | AO37: ДП | AP37: ДП | AQ37: ИА | AR37: ИА | AS37: Пдн
A39: Обозначения:
A40: ТО | B40: - теоретическое обучение
A41: ПО | B41: - производственное обучение
A42: ПП | B42: - профессиональная практика
A43: ПА | B43: - промежуточная аттестация
A44: К | B44: - каникулы
A45: Пдн | B45: - праздничные дни
A46: ИА | B46: - итоговая аттестация
A47: ПС | B47: - полевые сборы
A48: ДП | B48: - Дипломное проектирование
A52: курсы | D52: Теоретическое обучение | O52: Промежуточная аттестация | U52: Производственное обучение и профессиональная практика | AA52: Дипломное проектирование | AG52: Итоговая аттестация | AM52: Праздничные дни | AP52: Каникулы | AS52: Всего недель в учебном году
D53: недель | H53: кредиты | L53: часов
A55: I | D55: 39 | H55: =L55/24 -> 57 | L55: 1368 | O55: 72 | AM55: 1 | AP55: 10 | AS55: 52
A56: II | D56: 23 | H56: =L56/24 -> 43 | L56: ='Структура рабочего учебного пла'!Q57+'Структура рабочего учебного пла'!R57+'Структура рабочего учебного пла'!G66+'Структура рабочего учебного пла'!G77+'Структура рабочего учебного пла'!R90 -> 1032 | O56: ='Структура рабочего учебного пла'!Q131+'Структура рабочего учебного пла'!R131 -> 24 | U56: ='Структура рабочего учебного пла'!G67+'Структура рабочего учебного пла'!G78 -> 384 | AM56: 1 | AP56: 10 | AS56: 52
A57: III | D57: 19 | H57: =L57/24 -> 34.5 | L57: ='Структура рабочего учебного пла'!S84+'Структура рабочего учебного пла'!S85+'Структура рабочего учебного пла'!S86+'Структура рабочего учебного пла'!S87+'Структура рабочего учебного пла'!G97+'Структура рабочего учебного пла'!G107+'Структура рабочего учебного пла'!T118 -> 828 | O57: ='Структура рабочего учебного пла'!S131+'Структура рабочего учебного пла'!T131 -> 36 | U57: ='Структура рабочего учебного пла'!S89+'Структура рабочего учебного пла'!T98+'Структура рабочего учебного пла'!T108 -> 576 | AM57: 1 | AP57: 10 | AS57: 52
A58: IV | D58: 8 | H58: =L58/24 -> 21.083333 | L58: ='Структура рабочего учебного пла'!U116+'Структура рабочего учебного пла'!U125+'Структура рабочего учебного пла'!V125 -> 506 | O58: ='Структура рабочего учебного пла'!U131+'Структура рабочего учебного пла'!V131 -> 24 | U58: ='Структура рабочего учебного пла'!U117+'Структура рабочего учебного пла'!V126+'Структура рабочего учебного пла'!V129 -> 826 | AA58: 48 | AG58: ='Структура рабочего учебного пла'!G132 -> 36 | AM58: 1 | AP58: 2 | AS58: 43
A59: ИТОГО | D59: =SUM(D55:E58) -> 89 | H59: =SUM(H55:K58) -> 155.58333 | L59: =SUM(L55:N58) -> 3734 | O59: =SUM(O55:T58) -> 156 | U59: =SUM(U55:Z58) -> 1786 | AA59: =SUM(AA55:AF58) -> 48 | AG59: =SUM(AG55:AL58) -> 36 | AM59: =SUM(AM55:AO58) -> 4 | AP59: =SUM(AP55:AR58) -> 32 | AS59: =SUM(AS55:AX58) -> 199

Sheet Структура рабочего учебного пла
C1: Структура рабочего учебного плана
M2: Объем учебного времени | O2: Распределение по курсам и семестрам
A3: Индекс | B3: Наименование модулей / дисциплин | C3: Формы контроля | F3: Объем учебного времени | L3: Самостоятельная работа студента | M3: в том числе | O3: 1 курс | Q3: 2 курс | S3: 3 курс | U3: 4 курс
C4: экзамен | D4: зачет | E4: контрольная работа | F4: Всего кредитов | G4: Всего часов | H4: в том числе | M4: Производственное обучение/ Профессиональная практика | N4: Индивидуальные | O4: Семестры | W4: остаток часов на семестр
H5: теоретические | I5: лабораторно-практические | J5: курсовой проект/работа | K5: самостоятельная работа студента с педагогом | O5: 1 сем | P5: 2 сем | Q5: 3 сем | R5: 4 сем | S5: 5 сем | T5: 6 сем | U5: 7 сем | V5: 8 сем | W5: 1 сем | X5: 2 сем | Y5: 3 сем | Z5: 4 сем | AA5: 5 сем | AB5: 6 сем | AC5: 7 сем | AD5: 8 сем
O6: 17 | P6: 24 | Q6: 17 | R6: 24 | S6: 17 | T6: 24 | U6: 17 | V6: 24 | W6: 17 | X6: 24 | Y6: 17 | Z6: 24 | AA6: 17 | AB6: 24 | AC6: 17 | AD6: 24
A7: 1 | B7: 2 | C7: 3 | D7: 4 | E7: 5 | F7: 6 | G7: 7 | H7: 8 | I7: 9 | J7: 10 | K7: 11 | L7: 12 | M7: 13 | N7: 14 | O7: 15 | P7: 16 | Q7: 17 | R7: 18 | S7: 19 | T7: 20 | U7: 21 | V7: 22 | W7: =600-O133 -> 0 | X7: =840-P133 -> 0 | Y7: =600-Q133 -> 0 | Z7: =840-R133 -> 0 | AA7: =600-S133 -> 0 | AB7: =840-T133 -> 0 | AC7: =600-U133 -> 0 | AD7: =840-V133 -> 0 | AE7: =SUM(W7:AD7) -> 0
A8: ООД 00 | B8: Модуль "Общеобразовательные дисциплины"
A9: ООД 01 | B9: Казахский язык и литература | C9: 2 | D9: 1 | E9: 2 | F9: =G9/24 -> 4 | G9: =SUM(O9:T9) -> 96 | H9: 36 | I9: 48 | K9: 12 | L9: 24 | O9: 40 | P9: 56
A10: ООД 02 | B10: Русский язык | C10: 2 | D10: 1 | E10: 2 | F10: =G10/24 -> 4 | G10: =SUM(O10:T10) -> 96 | H10: 36 | I10: 48 | K10: 12 | L10: 24 | O10: 40 | P10: 56
A11: ООД 03 | B11: Русская литература | D11: 1.2 | E11: 2 | F11: =G11/24 -> 4 | G11: =SUM(O11:T11) -> 96 | H11: 36 | I11: 48 | K11: 12 | L11: 24 | O11: 40 | P11: 56
A12: ООД 04 | B12: Иностранный язык | D12: 1.2 | E12: 2 | F12: =G12/24 -> 4 | G12: =SUM(O12:T12) -> 96 | H12: 36 | I12: 48 | K12: 12 | L12: 24 | O12: 40 | P12: 56
A13: ООД 05 | B13: История Казахстана | C13: 2 | E13: 1 | F13: =G13/24 -> 3 | G13: =SUM(O13:T13) -> 72 | H13: 24 | I13: 36 | K13: 12 | L13: 24 | P13: 72
A14: ООД 06 | B14: Математика | C14: 2 | D14: 1 | E14: 2 | F14: =G14/24 -> 5 | G14: =SUM(O14:T14) -> 120 | H14: 36 | I14: 60 | K14: 24 | L14: 24 | O14: 40 | P14: 80
A15: ООД 07 | B15: Информатика | D15: 1.2 | E15: 2 | F15: =G15/24 -> 3 | G15: =SUM(O15:T15) -> 72 | H15: 24 | I15: 36 | K15: 12 | L15: 24 | O15: 32 | P15: 40
A16: ООД 08 | B16: Начальная военная и технологическая подготовка | D16: 1.2 | E16: 2 | F16: =G16/24 -> 4 | G16: =SUM(O16:T16) -> 96 | H16: 36 | I16: 48 | K16: 12 | L16: 24 | O16: 40 | P16: 56
A17: ООД 09 | B17: Физическая культура | D17: 1.2 | E17: 2 | F17: =G17/24 -> 5 | G17: =SUM(O17:T17) -> 120 | H17: 4 | I17: 92 | K17: 24 | L17: 24 | O17: 40 | P17: 80
A18: ООД 10 | B18: Физика | C18: 2 | D18: 1 | E18: 2 | F18: =G18/24 -> 4 | G18: =SUM(O18:T18) -> 96 | H18: 36 | I18: 48 | K18: 12 | L18: 24 | O18: 40 | P18: 56
A19: ООД 11 | B19: Химия | D19: 1.2 | E19: 2 | F19: =G19/24 -> 4 | G19: =SUM(O19:T19) -> 96 | H19: 36 | I19: 48 | K19: 12 | L19: 24 | O19: 40 | P19: 56
A20: ООД 12 | B20: География | D20: 1 | E20: 1 | F20: =G20/24 -> 3 | G20: =SUM(O20:T20) -> 72 | H20: 24 | I20: 36 | K20: 12 | L20: 24 | O20: 72
A21: ООД 13 | B21: Биология | D21: 1.2 | E21: 2 | F21: =G21/24 -> 3 | G21: =SUM(O21:T21) -> 72 | H21: 24 | I21: 36 | K21: 12 | L21: 24 | O21: 32 | P21: 40
A22: ООД 14 | B22: Всемирная история | D22: 1 | E22: 1 | F22: =G22/24 -> 3 | G22: =SUM(O22:T22) -> 72 | H22: 24 | I22: 36 | K22: 12 | L22: 24 | O22: 72
A23: ООД 15 | B23: Курс "Глобальные компетенции" | D23: 2 | E23: 1 | F23: =G23/24 -> 1 | G23: =SUM(O23:T23) -> 24 | H23: 6 | I23: 12 | K23: 6 | L23: 12 | P23: 24
A24: ООД 16 | B24: Графика и проектирование | D24: 1.2 | E24: 2 | F24: =G24/24 -> 3 | G24: =SUM(O24:T24) -> 72 | H24: 24 | I24: 36 | K24: 12 | L24: 12 | O24: 32 | P24: 40
A25: ПА 01 | B25: Промежуточная аттестация | F25: =G25/24 -> 3 | G25: =SUM(O25:T25) -> 72 | P25: 72
B26: Итого ООД | F26: =SUM(F9:F25) -> 60 | G26: =SUM(G9:G25) -> 1440 | H26: =SUM(H9:H25) -> 442 | I26: =SUM(I9:I25) -> 716 | K26: =SUM(K9:K25) -> 210 | L26: =SUM(L9:L25) -> 360 | O26: =SUM(O9:O25) -> 600 | P26: =SUM(P9:P25) -> 840
A27: ООМ 1 | B27: Развитие и совершенствование физических качеств / Физическая культура
B28: РО 1.1. Укреплять здоровье и соблюдать принципы здорового образа жизни. | D28: 3.4 | F28: =G28/24 -> 2 | G28: =SUM(H28:K28) -> 48 | H28: 4 | I28: 32 | K28: 12 | L28: 12 | Q28: 18 | R28: 30
B29: РО 1.2. Совершенствовать физические качества и психофизиологические способности. | D29: 3.4 | F29: =G29/24 -> 2 | G29: =SUM(H29:K29) -> 48 | H29: 4 | I29: 32 | K29: 12 | L29: 24 | Q29: 18 | R29: 30
B30: Итого теоретического обучения | F30: =G30/24 -> 4 | G30: =SUM(G28:G29) -> 96 | H30: =SUM(H28:H29) -> 8 | I30: =SUM(I28:I29) -> 64 | J30: =SUM(J28:J29) -> 0 | K30: =SUM(K28:K29) -> 24 | Q30: =SUM(Q28:Q29) -> 36 | R30: =SUM(R28:R29) -> 60
B31: Итого практического обучения
B32: Всего за ООМ 1 | F32: =G32/24 -> 4 | G32: =G31+G30 -> 96 | H32: =H31+H30 -> 8 | I32: =I31+I30 -> 64 | J32: =J31+J30 -> 0 | K32: =K31+K30 -> 24 | L32: =SUM(L28:L29) -> 36 | M32: =M31+M30 -> 0 | N32: =N31+N30 -> 0 | O32: =SUM(O28:O31) -> 0 | P32: =SUM(P28:P31) -> 0 | Q32: =SUM(Q28:Q29) -> 36 | R32: =SUM(R28:R29) -> 60 | S32: =S28+S29 -> 0 | T32: =T28+T29 -> 0 | U32: =U28+U29 -> 0 | V32: =V28+V29 -> 0
A33: ООМ 2 | B33: Применение информационно-коммуникационных и цифровых технологий
B34: РО 2.1. Владеть основами информационно-коммуникационных технологий. | D34: 3 | F34: =G34/24 -> 1 | G34: =SUM(H34:K34) -> 24 | H34: 10 | I34: 8 | K34: 6 | L34: 24 | Q34: 24
B35: РО 2.2. Использовать услуги информационно-справочных и интерактивных веб-порталов. | D35: 3 | F35: =G35/24 -> 1 | G35: =SUM(H35:K35) -> 24 | H35: 10 | I35: 8 | K35: 6 | L35: 24 | Q35: 24
B36: РО 2.3. Владеть навыками использования ИИ для обработки данных и оптимизации процессов. | D36: 3 | F36: =G36/24 -> 2 | G36: =SUM(H36:K36) -> 48 | H36: 22 | I36: 20 | K36: 6 | L36: 24 | Q36: 48
B37: Итого теоретического обучения | F37: =G37/24 -> 4 | G37: =H37+I37+J37+K37 -> 96 | H37: =SUM(H34:H36) -> 42 | I37: =SUM(I34:I36) -> 36 | J37: =SUM(J34:J36) -> 0 | K37: =SUM(K34:K36) -> 18 | Q37: =SUM(Q34:Q36) -> 96
B38: Итого практического обучения
B39: Всего за ООМ 2 | D39: 3 | F39: =G39/24 -> 4 | G39: =G38+G37 -> 96 | H39: =H38+H37 -> 42 | I39: =I38+I37 -> 36 | J39: =J38+J37 -> 0 | K39: =K38+K37 -> 18 | L39: =SUM(L34:L36) -> 72 | M39: =M38+M37 -> 0 | N39: =N38+N37 -> 0 | O39: =O38+O37 -> 0 | P39: =P38+P37 -> 0 | Q39: =Q38+Q37 -> 96 | R39: =R38+R37 -> 0 | S39: =S38+S37 -> 0 | T39: =T38+T37 -> 0 | ... V39: =V38+V37 -> 0
A40: ООМ 3 | B40: Применение базовых знаний экономики и основ предпринимательства / Основы экономики
B41: РО 3.1. Владеть основными вопросами в области экономической теории. | D41: 3 | F41: =G41/24 -> 0.33333333 | G41: =SUM(H41:K41) -> 8 | H41: 4 | I41: 2 | K41: 2 | L41: 12 | Q41: 8
B42: РО 3.2. Анализировать и оценивать экономические процессы, происходящие на предприятии. (Экономика предприятия) | D42: 3 | F42: =G42/24 -> 0.33333333 | G42: =SUM(H42:K42) -> 8 | H42: 4 | I42: 2 | K42: 2 | L42: 12 | Q42: 8
B43: РО 3.3. Понимать тенденции развития мировой экономики, основные задачи перехода государства к «зеленой» экономике. (Основы экономики) | D43: 3 | F43: =G43/24 -> 0.33333333 | G43: =SUM(H43:K43) -> 8 | H43: 4 | I43: 2 | K43: 2 | L43: 12 | Q43: 8
B44: РО 3.4. Владеть научными и законодательными основами организации и ведения предпринимательской деятельности в Республике Казахстан. | D44: 3 | F44: =G44/24 -> 0.5 | G44: =SUM(H44:K44) -> 12 | H44: 6 | I44: 4 | K44: 2 | L44: 12 | Q44: 12
B45: РО 3.5. Соблюдать этику делового общения. | D45: 3 | F45: =G45/24 -> 0.5 | G45: =SUM(H45:K45) -> 12 | H45: 6 | I45: 4 | K45: 2 | L45: 12 | Q45: 12
B46: Итого теоретического обучения | F46: =G46/24 -> 2 | G46: =H46+I46+J46+K46 -> 48 | H46: =H41+H42+H43+H44+H45 -> 24 | I46: =I41+I42+I43+I44+I45 -> 14 | J46: =J41+J42+J43+J44+J45 -> 0 | K46: =K41+K42+K43+K44+K45 -> 10 | Q46: =SUM(Q41:Q45) -> 48
B47: Итого практического обучения
B48: Всего за ООМ 3 | D48: 3 | F48: =G48/24 -> 2 | G48: =SUM(G47,G46) -> 48 | H48: =SUM(H47,H46) -> 24 | I48: =SUM(I47,I46) -> 14 | J48: =SUM(J47,J46) -> 0 | K48: =SUM(K47,K46) -> 10 | L48: =L41+L42+L43+L44+L45 -> 60 | M48: =M47+M46 -> 0 | N48: =N47+N46 -> 0 | O48: =O41+O42+O43+O44+O45 -> 0 | P48: =P41+P42+P43+P44+P45 -> 0 | Q48: =SUM(Q41:Q45) -> 48 | R48: =SUM(R41:R45) -> 0 | S48: =SUM(S41:S45) -> 0 | T48: =SUM(T41:T45) -> 0 | U48: =SUM(U41:U45) -> 0 | V48: =SUM(V41:V45) -> 0
A49: ООМ 4 | B49: Применение основ социальных наук для социализации и адаптации в обществе и трудовом коллективе (Социология/Политология)
B50: РО 4.1. Понимать морально-нравственные ценности и нормы, формирующие толерантность и активную личностную позицию / Основы философии | D50: 3 | F50: =G50/24 -> 1 | G50: =SUM(H50:K50) -> 24 | H50: 8 | I50: 10 | K50: 6 | L50: 24 | Q50: 24
B51: РО 4.2. Понимать роль и место культуры народов Республики Казахстан в мировой цивилизации / Культурология | D51: 3 | F51: =G51/24 -> 1 | G51: =SUM(H51:K51) -> 24 | H51: 8 | I51: 10 | K51: 6 | L51: 24 | Q51: 24
B52: РО 4.3. Владеть сведениями об основных отраслях права / Основы права | D52: 3 | F52: =G52/24 -> 1 | G52: =SUM(H52:K52) -> 24 | H52: 8 | I52: 10 | K52: 6 | L52: 24 | Q52: 24
B53: РО 4.4. Владеть основными понятиями социологии и политологии / Социология и политология | D53: 3 | F53: =G53/24 -> 1 | G53: =SUM(H53:K53) -> 24 | H53: 8 | I53: 10 | K53: 6 | L53: 24 | Q53: 24
B54: Итого теоретического обучения | F54: =G54/24 -> 4 | G54: =H54+I54+J54+K54 -> 96 | H54: =SUM(H50:H53) -> 32 | I54: =SUM(I50:I53) -> 40 | J54: =SUM(J50:J53) -> 0 | K54: =SUM(K50:K53) -> 24 | Q54: =SUM(Q50:Q53) -> 96
B55: Итого практического обучения
B56: Всего за ООМ 4 | D56: 3 | G56: =SUM(G55,G54) -> 96 | H56: =H55+H54 -> 32 | I56: =I55+I54 -> 40 | J56: =J55+J54 -> 0 | K56: =K55+K54 -> 24 | L56: =SUM(L50:L53) -> 96 | M56: =M55+M54 -> 0 | N56: =N55+N54 -> 0 | O56: =O55+O54 -> 0 | P56: =P55+P54 -> 0 | Q56: =Q55+Q54 -> 96 | R56: =R55+R54 -> 0 | S56: =S55+S54 -> 0 | T56: =T55+T54 -> 0 | ... V56: =V55+V54 -> 0
B57: Итого ООМ | F57: =G57/24 -> 14 | G57: =G32+G39+G48+G56 -> 336 | H57: =H32+H39+H48+H56 -> 106 | I57: =I32+I39+I48+I56 -> 154 | J57: =J32+J39+J48+J56 -> 0 | K57: =K32+K39+K48+K56 -> 76 | L57: =L32+L39+L48+L56 -> 264 | M57: =M32+M39+M48+M56 -> 0 | N57: =N32+N39+N48+N56 -> 0 | ... V57: =V32+V39+V48+V56 -> 0
A58: ПМ 1 | B58: Проектирование программного обеспечения | W58: =G58*40/100 -> 0
B59: РО 1.1. Осуществлять постановку цели и задачи, вырабатывать требования к программному обеспечению. | D59: 3 | F59: =G59/24 -> 1.6666667 | G59: =SUM(H59+I59+J59+K59+M59) -> 40 | H59: 14 | I59: 14 | K59: 12 | L59: 20 | Q59: 40
B60: РО 1.2. Разрабатывать технические спецификации на программные компоненты. | D60: 3 | F60: =G60/24 -> 1.6666667 | G60: =SUM(H60+I60+J60+K60+M60) -> 40 | H60: 14 | I60: 14 | K60: 12 | L60: 20 | Q60: 40
B61: РО 1.3. Выбирать методы и стратегии разработки программного обеспечения. | D61: 3 | F61: =G61/24 -> 1.6666667 | G61: =SUM(H61+I61+J61+K61+M61) -> 40 | H61: 14 | I61: 14 | K61: 12 | L61: 20 | Q61: 40
B62: РО 1.4. Выбирать программные средства для подготовки макетов модулей программного обеспечения. | D62: 3 | F62: =G62/24 -> 1.75 | G62: =SUM(H62+I62+J62+K62+M62) -> 42 | H62: 16 | I62: 14 | K62: 12 | L62: 20 | Q62: 42
B63: РО 1.5. Работать с операционными системами и применять навыки использования пакетов прикладных программ в решении типовых задач с использованием прикладных программ. | D63: 3 | F63: =G63/24 -> 1.75 | G63: =SUM(H63+I63+J63+K63+M63) -> 42 | H63: 16 | I63: 14 | K63: 12 | L63: 20 | Q63: 42
B64: РО 1.6. Использовать навыки программирования на компьютере для реализации численных алгоритмов. | D64: 3 | F64: =G64/24 -> 1.75 | G64: =SUM(H64+I64+J64+K64+M64) -> 42 | H64: 16 | I64: 14 | K64: 12 | L64: 20 | Q64: 42
B65: РО 1.7. Применять основные принципы управления и администрирования компьютерными сетями. | D65: 4 | F65: =G65/24 -> 1.75 | G65: =SUM(H65+I65+J65+K65+M65) -> 42 | H65: 16 | I65: 14 | K65: 12 | L65: 20 | R65: 42
B66: Итого теоретического обучения | F66: =G66/24 -> 12 | G66: =SUM(G59:G65) -> 288 | H66: =SUM(H59:H65) -> 106 | I66: =SUM(I59:I65) -> 98 | J66: =SUM(J59:J65) -> 0 | K66: =SUM(K59:K65) -> 84 | L66: =SUM(L59:L65) -> 140 | M66: =SUM(M59:M65) -> 0 | N66: =SUM(N59:N65) -> 0 | ... V66: =SUM(V59:V65) -> 0
B67: Итого практического обучения | F67: =G67/24 -> 8 | G67: =SUM(M59:M67) -> 192 | M67: =SUM(O67:V67) -> 192 | R67: 192
B68: Всего за ПМ 1 | C68: 4 | F68: =G68/24 -> 20 | G68: =SUM(G66:G67) -> 480 | H68: =SUM(H66:H67) -> 106 | I68: =SUM(I66:I67) -> 98 | J68: =SUM(J66:J67) -> 0 | K68: =SUM(K66:K67) -> 84 | L68: =SUM(L59:L65) -> 140 | M68: =SUM(M59:M67) -> 192 | N68: =SUM(N59:N67) -> 0 | O68: =SUM(O66:O67) -> 0 | P68: =SUM(P66:P67) -> 0 | Q68: =SUM(Q66:Q67) -> 246 | R68: =SUM(R66:R67) -> 234 | S68: =SUM(S66:S67) -> 0 | T68: =SUM(T66:T67) -> 0 | U68: =SUM(U66:U67) -> 0 | V68: =SUM(V66:V67) -> 0
A69: ПМ 2 | B69: Составление алгоритма и создание блок-схемы на основе спецификации программного обеспечения | W69: =G69*40/100 -> 0
B70: РО 2.1. Выделять данные и подбирать способы программирования модулей программного обеспечения. | D70: 3 | F70: =G70/24 -> 1.6666667 | G70: =SUM(H70+I70+J70+K70+M70) -> 40 | H70: 14 | I70: 12 | J70: 2 | K70: 12 | L70: 20 | Q70: 40
B71: РО 2.2. Составлять блок-схему для каждого модуля программного обеспечения на основе дизайн-проекта. | D71: 3 | F71: =G71/24 -> 1.6666667 | G71: =SUM(H71+I71+J71+K71+M71) -> 40 | H71: 14 | I71: 12 | J71: 2 | K71: 12 | L71: 20 | Q71: 38 | R71: 2
B72: РО 2.3. Разрабатывать схему взаимодействия подзадач и их объединение в одну задачу. | D72: 3.4 | F72: =G72/24 -> 1.6666667 | G72: =SUM(H72+I72+J72+K72+M72) -> 40 | H72: 12 | I72: 12 | J72: 4 | K72: 12 | L72: 20 | R72: 40
B73: РО 2.4. Определять структуру данных, входные и выходные данные. | D73: 4 | F73: =G73/24 -> 1.75 | G73: =SUM(H73+I73+J73+K73+M73) -> 42 | H73: 14 | I73: 12 | J73: 4 | K73: 12 | L73: 20 | R73: 42
B74: РО 2.5. Выбирать подходящие структуры данных и алгоритмов. | D74: 4 | F74: =G74/24 -> 1.75 | G74: =SUM(H74+I74+J74+K74+M74) -> 42 | H74: 14 | I74: 12 | J74: 4 | K74: 12 | L74: 20 | R74: 42
B75: РО 2.6. Выявлять ошибки при тестировании, а также вносить соответствующие корректировки в блок-схему и алгоритм. | D75: 4 | F75: =G75/24 -> 1.75 | G75: =SUM(H75+I75+J75+K75+M75) -> 42 | H75: 14 | I75: 12 | J75: 4 | K75: 12 | L75: 20 | R75: 42
B76: РО 2.7. Работать с популярными графическими библиотеками и фреймворками. | D76: 4 | F76: =G76/24 -> 1.75 | G76: =SUM(H76+I76+J76+K76+M76) -> 42 | H76: 14 | I76: 12 | J76: 4 | K76: 12 | L76: 20 | R76: 42
B77: Итого теоретического обучения | F77: =G77/24 -> 12 | G77: =SUM(G70:G76) -> 288 | H77: =SUM(H70:H76) -> 96 | I77: =SUM(I70:I76) -> 84 | J77: =SUM(J70:J76) -> 24 | K77: =SUM(K70:K76) -> 84 | L77: =SUM(L70:L76) -> 140 | M77: =SUM(M70:M76) -> 0 | N77: =SUM(N70:N76) -> 0 | ... V77: =SUM(V70:V76) -> 0
B78: Итого практического обучения | F78: =G78/24 -> 8 | G78: =SUM(M70:M78) -> 192 | M78: =SUM(O78:V78) -> 192 | R78: 192
B79: Всего за ПМ 2 | C79: 4 | F79: =G79/24 -> 20 | G79: =SUM(G77:G78) -> 480 | H79: =SUM(H77:H78) -> 96 | I79: =SUM(I77:I78) -> 84 | J79: =SUM(J77:J78) -> 24 | K79: =SUM(K77:K78) -> 84 | L79: =SUM(L77:L78) -> 140 | M79: =SUM(M77:M78) -> 192 | N79: =SUM(N77:N78) -> 0 | ... V79: =SUM(V77:V78) -> 0
A80: ПМ 3 | B80: Программирование модулей программного обеспечения | W80: =G80*40/100 -> 0
B81: РО 3.1. Определять структуру программы, процедуры, библиотеки языка для каждого модуля программного обеспечения. | D81: 4 | F81: =G81/24 -> 1.6666667 | G81: =SUM(H81+I81+J81+K81+M81) -> 40 | H81: 14 | I81: 14 | K81: 12 | L81: 20 | R81: 40
B82: РО 3.2. Писать код программы на выбранном языке программирования. | D82: 4 | F82: =G82/24 -> 1.6666667 | G82: =SUM(H82+I82+J82+K82+M82) -> 40 | H82: 14 | I82: 14 | K82: 12 | L82: 20 | R82: 40
B83: РО 3.3. Проводить отладку программного кода. | D83: 4 | F83: =G83/24 -> 1.6666667 | G83: =SUM(H83+I83+J83+K83+M83) -> 40 | H83: 14 | I83: 14 | K83: 12 | L83: 20 | R83: 40
B84: РО 3.4. Разрабатывать тестовый набор для верификации кода. | D84: 5 | F84: =G84/24 -> 1.75 | G84: =SUM(H84+I84+J84+K84+M84) -> 42 | H84: 16 | I84: 14 | K84: 12 | L84: 20 | S84: 42
B85: РО 3.5. Обеспечивать основы безопасности веб-приложений. | D85: 5 | F85: =G85/24 -> 1.75 | G85: =SUM(H85+I85+J85+K85+M85) -> 42 | H85: 16 | I85: 14 | K85: 12 | L85: 20 | S85: 42
B86: РО 3.6. Обобщать основы создания серверной части веб-приложений с использованием языков программирования. | D86: 5 | F86: =G86/24 -> 1.75 | G86: =SUM(H86+I86+J86+K86+M86) -> 42 | H86: 16 | I86: 14 | K86: 12 | L86: 20 | S86: 42
B87: РО 3.7. Создавать веб-страницы с использованием языков и различных стилей для оформления. | D87: 5 | F87: =G87/24 -> 1.75 | G87: =SUM(H87+I87+J87+K87+M87) -> 42 | H87: 16 | I87: 14 | K87: 12 | L87: 20 | S87: 42
B88: Итого теоретического обучения | F88: =G88/24 -> 12 | G88: =SUM(G81:G87) -> 288 | H88: =SUM(H81:H87) -> 106 | I88: =SUM(I81:I87) -> 98 | J88: =SUM(J81:J87) -> 0 | K88: =SUM(K81:K87) -> 84 | L88: =SUM(L81:L87) -> 140 | M88: =SUM(M81:M87) -> 0 | N88: =SUM(N81:N87) -> 0 | ... V88: =SUM(V81:V87) -> 0
B89: Итого практического обучения | F89: =G89/24 -> 8 | G89: =SUM(M81:M89) -> 192 | M89: =SUM(O89:V89) -> 192 | S89: 192
B90: Всего за ПМ 3 | C90: 5 | F90: =G90/24 -> 20 | G90: =SUM(G88:G89) -> 480 | H90: =SUM(H88:H89) -> 106 | I90: =SUM(I88:I89) -> 98 | J90: =SUM(J88:J89) -> 0 | K90: =SUM(K88:K89) -> 84 | L90: =SUM(L88:L89) -> 140 | M90: =SUM(M88:M89) -> 192 | N90: =SUM(N88:N89) -> 0 | ... V90: =SUM(V88:V89) -> 0
A91: ПМ 4 | B91: Проверка работоспособности рефакторинга программного кода | W91: =G91*40/100 -> 0
B92: РО 4.1. Осуществлять анализ и проверку исходного программного кода программного обеспечения. | D92: 5 | F92: =G92/24 -> 2.3333333 | G92: =SUM(H92+I92+J92+K92+M92) -> 56 | H92: 20 | I92: 20 | J92: 4 | K92: 12 | L92: 20 | S92: 56
B93: РО 4.2. Осуществлять отладку программного кода программного обеспечения на уровне программных модулей. | D93: 5 | F93: =G93/24 -> 2.4166667 | G93: =SUM(H93+I93+J93+K93+M93) -> 58 | H93: 22 | I93: 20 | J93: 4 | K93: 12 | L93: 20 | S93: 58
B94: РО 4.3. Воспроизводить и устранять выявленные дефекты в программном коде. | D94: 5 | F94: =G94/24 -> 2.4166667 | G94: =SUM(H94+I94+J94+K94+M94) -> 58 | H94: 22 | I94: 20 | J94: 4 | K94: 12 | L94: 20 | S94: 58
B95: РО 4.4. Разрабатывать и оформлять контрольные примеры для проверки работоспособности программного кода. | D95: 6 | F95: =G95/24 -> 2.4166667 | G95: =SUM(H95+I95+J95+K95+M95) -> 58 | H95: 20 | I95: 20 | J95: 6 | K95: 12 | L95: 20 | T95: 58
B96: РО 4.5. Осуществлять рефакторинг программного кода. | D96: 6 | F96: =G96/24 -> 2.4166667 | G96: =SUM(H96+I96+J96+K96+M96) -> 58 | H96: 20 | I96: 20 | J96: 6 | K96: 12 | L96: 20 | T96: 58
B97: Итого теоретического обучения | F97: =G97/24 -> 12 | G97: =SUM(G92:G96) -> 288 | H97: =SUM(H92:H96) -> 104 | I97: =SUM(I92:I96) -> 100 | J97: =SUM(J92:J96) -> 24 | K97: =SUM(K92:K96) -> 60 | L97: =SUM(L92:L96) -> 100 | M97: =SUM(M92:M96) -> 0 | N97: =SUM(N92:N96) -> 0 | ... V97: =SUM(V92:V96) -> 0
B98: Итого практического обучения | F98: =G98/24 -> 8 | G98: =SUM(M92:M98) -> 192 | M98: =SUM(O98:V98) -> 192 | T98: 192
B99: Всего за ПМ 4 | C99: 6 | F99: =G99/24 -> 20 | G99: =SUM(G97:G98) -> 480 | H99: =SUM(H97:H98) -> 104 | I99: =SUM(I97:I98) -> 100 | J99: =SUM(J97:J98) -> 24 | K99: =SUM(K97:K98) -> 60 | L99: =SUM(L97:L98) -> 100 | M99: =SUM(M97:M98) -> 192 | N99: =SUM(N97:N98) -> 0 | ... V99: =SUM(V97:V98) -> 0
A100: ПМ 5 | B100: Организация обработки больших данных и их защита | W100: =G100*40/100 -> 0
...
